<?xml version = '1.0' encoding = 'UTF-8'?>
<Relation class="oracle.dbtools.crest.model.design.logical.InheritanceRelation" name="Hierarchy_2" directorySegmentName="seg_0" id="13298E40-23D4-616D-852C-2FBB15B9C580">
<createdBy>figue</createdBy>
<createdTime>2026-01-15 15:40:43 UTC</createdTime>
<ownerDesignName>Formativa2Aerolinea</ownerDesignName>
<engineerTo>
<item key="3DA37674-74EE-DD81-F825-3A991275846B" value="true"/>
</engineerTo>
<identifying>false</identifying>
<nameOnSource>Super Type</nameOnSource>
<nameOnTarget>Sub Type</nameOnTarget>
<optionalSource>true</optionalSource>
<optionalTarget>true</optionalTarget>
<sourceEntity>78B4BE30-DC3F-B93E-27F6-2E32BCAB313D</sourceEntity>
<targetEntity>20B3D190-5EC9-0537-C31F-9336668FA4CE</targetEntity>
<transferable>true</transferable>
<deleteRule>NO ACTION</deleteRule>
</Relation>