<?xml version = '1.0' encoding = 'UTF-8'?>
<Diagram class="oracle.dbtools.crest.swingui.logical.DPVLogical" name="Logical" id="FA313008-33EF-310A-E8C0-EE1E7C4F46D5">
<createdBy>figue</createdBy>
<modifiedBy>figue</modifiedBy>
<createdTime>2026-01-13 12:45:42 UTC</createdTime>
<autoRoute>false</autoRoute>
<boxInbox>true</boxInbox>
<showLegend>false</showLegend>
<showLabels>true</showLabels>
<showRelAttributes>false</showRelAttributes>
<gridEnabled>false</gridEnabled>
<showGrid>false</showGrid>
<diagramColor>-1</diagramColor>
<display>false</display>
<notation>1</notation>
<objectViews>
<OView class="oracle.dbtools.crest.swingui.logical.TVEntity" oid="20B3D190-5EC9-0537-C31F-9336668FA4CE" otype="Entity" vid="A4A86A7A-014E-A52F-32DB-84564B0864E1">
<hideElementsInCurrentOnly>false</hideElementsInCurrentOnly>
<bounds x="1091" y="277" width="207" height="37"/>
</OView>
<OView class="oracle.dbtools.crest.swingui.logical.TVEntity" oid="2B5E6461-BE4A-771D-7669-8656FED42331" otype="Entity" vid="7096DF89-CBF3-6A0B-8A93-2A559A365FDD">
<hideElementsInCurrentOnly>false</hideElementsInCurrentOnly>
<bounds x="424" y="66" width="318" height="169"/>
</OView>
<OView class="oracle.dbtools.crest.swingui.logical.TVEntity" oid="4A1FD200-345D-8F88-9848-7145002232F0" otype="Entity" vid="2462756E-F67F-7EC5-AE4A-715AF1193F58">
<hideElementsInCurrentOnly>false</hideElementsInCurrentOnly>
<bounds x="46" y="133" width="233" height="151"/>
</OView>
<OView class="oracle.dbtools.crest.swingui.logical.TVEntity" oid="6FE043E0-8745-DB4D-254A-D54B4243FF8C" otype="Entity" vid="AF97FFDF-AB9B-6E41-4E22-F88F7C299320">
<hideElementsInCurrentOnly>false</hideElementsInCurrentOnly>
<bounds x="448" y="606" width="228" height="122"/>
</OView>
<OView class="oracle.dbtools.crest.swingui.logical.TVEntity" oid="78B4BE30-DC3F-B93E-27F6-2E32BCAB313D" otype="Entity" vid="62153CA7-03EA-585D-D7FF-1260E73D89E2">
<hideElementsInCurrentOnly>false</hideElementsInCurrentOnly>
<bounds x="851" y="252" width="477" height="174"/>
</OView>
<OView class="oracle.dbtools.crest.swingui.logical.TVEntity" oid="A54CFFB3-8818-0B0E-786F-5D90765100A4" otype="Entity" vid="B01A92AF-8454-BA18-03B3-811C247BDDA1">
<hideElementsInCurrentOnly>false</hideElementsInCurrentOnly>
<bounds x="443" y="319" width="227" height="161"/>
</OView>
<OView class="oracle.dbtools.crest.swingui.logical.TVEntity" oid="B431B17B-F471-6A60-DAEA-7B2EB0E7DCC2" otype="Entity" vid="824A3BBC-D62C-D590-5661-40D701C2047F">
<hideElementsInCurrentOnly>false</hideElementsInCurrentOnly>
<bounds x="49" y="399" width="248" height="150"/>
</OView>
<OView class="oracle.dbtools.crest.swingui.logical.TVEntity" oid="F7011587-5A1D-C430-0B83-660EF48CD6C2" otype="Entity" vid="B025C5E6-5ADA-74A9-71F6-1E77C8F4BF0B">
<hideElementsInCurrentOnly>false</hideElementsInCurrentOnly>
<bounds x="1077" y="335" width="241" height="48"/>
</OView>
</objectViews>
<connectors>
<Connector class="oracle.dbtools.crest.swingui.logical.TVInheritanceRelation" oid="13298E40-23D4-616D-852C-2FBB15B9C580" otype="Hierarchy relation" vid_source="62153CA7-03EA-585D-D7FF-1260E73D89E2" vid_target="A4A86A7A-014E-A52F-32DB-84564B0864E1">
<hideElementsInCurrentOnly>false</hideElementsInCurrentOnly>
<backgroundColor>-65536</backgroundColor>
<lineWidth>1</lineWidth>
</Connector>
<Connector class="oracle.dbtools.crest.swingui.logical.TVRelation" oid="400AB814-35F7-C0D6-A968-70128EA6F4FF" otype="Relation" vid_source="2462756E-F67F-7EC5-AE4A-715AF1193F58" vid_target="824A3BBC-D62C-D590-5661-40D701C2047F">
<hideElementsInCurrentOnly>false</hideElementsInCurrentOnly>
<backgroundColor>-16777216</backgroundColor>
<lineWidth>1</lineWidth>
<sourceLabel class="oracle.dbtools.crest.model.design.Label">
<site>0</site>
<labelBounds x="164" y="325" width="46" height="35"/>
<noBackgroundColor>true</noBackgroundColor>
<noForegroundColor>true</noForegroundColor>
<sourceBelowTheLine>true</sourceBelowTheLine>
</sourceLabel>
<targetLabel class="oracle.dbtools.crest.model.design.Label">
<site>2</site>
<labelBounds x="164" y="362" width="52" height="31"/>
<noBackgroundColor>true</noBackgroundColor>
<noForegroundColor>true</noForegroundColor>
<targetAboveTheLine>true</targetAboveTheLine>
</targetLabel>
<points>
<point x="164" y="284"/>
<point x="164" y="399"/>
</points>
</Connector>
<Connector class="oracle.dbtools.crest.swingui.logical.TVRelation" oid="573220BB-AD76-3BAA-24AB-28564E650BE0" otype="Relation" vid_source="B01A92AF-8454-BA18-03B3-811C247BDDA1" vid_target="7096DF89-CBF3-6A0B-8A93-2A559A365FDD">
<hideElementsInCurrentOnly>false</hideElementsInCurrentOnly>
<backgroundColor>-16777216</backgroundColor>
<lineWidth>1</lineWidth>
<sourceLabel class="oracle.dbtools.crest.model.design.Label">
<site>0</site>
<labelBounds x="556" y="293" width="41" height="20"/>
<noBackgroundColor>true</noBackgroundColor>
<noForegroundColor>true</noForegroundColor>
</sourceLabel>
<targetLabel class="oracle.dbtools.crest.model.design.Label">
<site>2</site>
<labelBounds x="556" y="261" width="72" height="11"/>
<noBackgroundColor>true</noBackgroundColor>
<noForegroundColor>true</noForegroundColor>
<targetAboveTheLine>true</targetAboveTheLine>
</targetLabel>
<points>
<point x="556" y="319"/>
<point x="556" y="235"/>
</points>
</Connector>
<Connector class="oracle.dbtools.crest.swingui.logical.TVInheritanceRelation" oid="6CE84A4D-7AC3-CAD5-4E3E-6431CDD1E2DC" otype="Hierarchy relation" vid_source="62153CA7-03EA-585D-D7FF-1260E73D89E2" vid_target="B025C5E6-5ADA-74A9-71F6-1E77C8F4BF0B">
<hideElementsInCurrentOnly>false</hideElementsInCurrentOnly>
<backgroundColor>-65536</backgroundColor>
<lineWidth>1</lineWidth>
</Connector>
<Connector class="oracle.dbtools.crest.swingui.logical.TVRelation" oid="87B03CB1-A4AA-C103-97D2-7AFB7A0FD166" otype="Relation" vid_source="7096DF89-CBF3-6A0B-8A93-2A559A365FDD" vid_target="2462756E-F67F-7EC5-AE4A-715AF1193F58">
<hideElementsInCurrentOnly>false</hideElementsInCurrentOnly>
<backgroundColor>-16777216</backgroundColor>
<lineWidth>1</lineWidth>
<sourceLabel class="oracle.dbtools.crest.model.design.Label">
<site>0</site>
<labelBounds x="354" y="187" width="64" height="37"/>
<noBackgroundColor>true</noBackgroundColor>
<noForegroundColor>true</noForegroundColor>
<sourceBelowTheLine>true</sourceBelowTheLine>
</sourceLabel>
<targetLabel class="oracle.dbtools.crest.model.design.Label">
<site>2</site>
<labelBounds x="289" y="154" width="45" height="30"/>
<noBackgroundColor>true</noBackgroundColor>
<noForegroundColor>true</noForegroundColor>
<targetAboveTheLine>true</targetAboveTheLine>
</targetLabel>
<points>
<point x="424" y="184"/>
<point x="279" y="184"/>
</points>
</Connector>
<Connector class="oracle.dbtools.crest.swingui.logical.TVRelation" oid="A05B8F62-0B39-BDAA-1AF8-2A03C6AA32C3" otype="Relation" vid_source="AF97FFDF-AB9B-6E41-4E22-F88F7C299320" vid_target="B01A92AF-8454-BA18-03B3-811C247BDDA1">
<hideElementsInCurrentOnly>false</hideElementsInCurrentOnly>
<backgroundColor>-16777216</backgroundColor>
<lineWidth>1</lineWidth>
<sourceLabel class="oracle.dbtools.crest.model.design.Label">
<site>0</site>
<labelBounds x="559" y="580" width="42" height="20"/>
<noBackgroundColor>true</noBackgroundColor>
<noForegroundColor>true</noForegroundColor>
</sourceLabel>
<targetLabel class="oracle.dbtools.crest.model.design.Label">
<site>2</site>
<labelBounds x="559" y="514" width="39" height="20"/>
<noBackgroundColor>true</noBackgroundColor>
<noForegroundColor>true</noForegroundColor>
</targetLabel>
<points>
<point x="559" y="606"/>
<point x="559" y="480"/>
</points>
</Connector>
<Connector class="oracle.dbtools.crest.swingui.logical.TVRelation" oid="E4A40AE0-45B1-12AF-0386-83404EF6D45F" otype="Relation" vid_source="A4A86A7A-014E-A52F-32DB-84564B0864E1" vid_target="7096DF89-CBF3-6A0B-8A93-2A559A365FDD">
<hideElementsInCurrentOnly>false</hideElementsInCurrentOnly>
<backgroundColor>-16777216</backgroundColor>
<lineWidth>1</lineWidth>
<sourceLabel class="oracle.dbtools.crest.model.design.Label">
<site>0</site>
<labelBounds x="1190" y="241" width="55" height="30"/>
<noBackgroundColor>true</noBackgroundColor>
<noForegroundColor>true</noForegroundColor>
</sourceLabel>
<targetLabel class="oracle.dbtools.crest.model.design.Label">
<site>2</site>
<labelBounds x="752" y="102" width="58" height="30"/>
<noBackgroundColor>true</noBackgroundColor>
<noForegroundColor>true</noForegroundColor>
</targetLabel>
<points>
<point x="1190" y="277"/>
<point x="1190" y="99"/>
<point x="742" y="99"/>
</points>
</Connector>
<Connector class="oracle.dbtools.crest.swingui.logical.TVRelation" oid="E74AD7FD-6A6E-4DC2-F27B-E5F4E8A9D5BA" otype="Relation" vid_source="B025C5E6-5ADA-74A9-71F6-1E77C8F4BF0B" vid_target="B01A92AF-8454-BA18-03B3-811C247BDDA1">
<hideElementsInCurrentOnly>false</hideElementsInCurrentOnly>
<backgroundColor>-16777216</backgroundColor>
<lineWidth>1</lineWidth>
<sourceLabel class="oracle.dbtools.crest.model.design.Label">
<site>0</site>
<labelBounds x="764" y="313" width="307" height="30"/>
<noBackgroundColor>true</noBackgroundColor>
<noForegroundColor>true</noForegroundColor>
</sourceLabel>
<targetLabel class="oracle.dbtools.crest.model.design.Label">
<site>2</site>
<labelBounds x="680" y="346" width="75" height="29"/>
<noBackgroundColor>true</noBackgroundColor>
<noForegroundColor>true</noForegroundColor>
</targetLabel>
<points>
<point x="1077" y="343"/>
<point x="688" y="343"/>
<point x="670" y="343"/>
</points>
</Connector>
</connectors>
</Diagram>