<?xml version = '1.0' encoding = 'UTF-8'?>
<Entity class="oracle.dbtools.crest.model.design.logical.Entity" directorySegmentName="seg_0" id="20B3D190-5EC9-0537-C31F-9336668FA4CE" name="ADMINISTRATIVO">
<createdBy>figue</createdBy>
<createdTime>2026-01-13 13:22:08 UTC</createdTime>
<ownerDesignName>Formativa2Aerolinea</ownerDesignName>
<engineerTo>
<item key="3DA37674-74EE-DD81-F825-3A991275846B" value="true"/>
</engineerTo>
<adequatelyNormalized>NO</adequatelyNormalized>
<expectedVolumes>0</expectedVolumes>
<fwdEngineeringStrategyName>Single Table</fwdEngineeringStrategyName>
<growthPercent>0</growthPercent>
<growthType>Year</growthType>
<hierarchicalParent>78B4BE30-DC3F-B93E-27F6-2E32BCAB313D</hierarchicalParent>
<maxVolumes>9999999</maxVolumes>
<minVolumes>0</minVolumes>
<normalForm>Third</normalForm>
<attributes itemClass="oracle.dbtools.crest.model.design.logical.Attribute">
<Attribute name="horas_extras" id="A1A06A1D-4F36-C677-10D3-C24FD2B9C1D5">
<createdBy>figue</createdBy>
<createdTime>2026-01-13 13:22:22 UTC</createdTime>
<ownerDesignName>Formativa2Aerolinea</ownerDesignName>
<engineerTo>
<item key="3DA37674-74EE-DD81-F825-3A991275846B" value="true"/>
</engineerTo>
<useDomainConstraints>false</useDomainConstraints>
<use>1</use>
<logicalDatatype>LOGDT019</logicalDatatype>
<dataTypePrecision>5</dataTypePrecision>
<dataTypeScale>2</dataTypeScale>
<ownDataTypeParameters>,5,2</ownDataTypeParameters>
</Attribute>
</attributes>
</Entity>