<?xml version = '1.0' encoding = 'UTF-8'?>
<Entity class="oracle.dbtools.crest.model.design.logical.Entity" directorySegmentName="seg_0" id="2B5E6461-BE4A-771D-7669-8656FED42331" name="RESERVA">
<createdBy>figue</createdBy>
<createdTime>2026-01-13 12:59:55 UTC</createdTime>
<ownerDesignName>Formativa2Aerolinea</ownerDesignName>
<engineerTo>
<item key="3DA37674-74EE-DD81-F825-3A991275846B" value="true"/>
</engineerTo>
<adequatelyNormalized>NO</adequatelyNormalized>
<expectedVolumes>0</expectedVolumes>
<fwdEngineeringStrategyName>Single Table</fwdEngineeringStrategyName>
<growthPercent>0</growthPercent>
<growthType>Year</growthType>
<maxVolumes>9999999</maxVolumes>
<minVolumes>0</minVolumes>
<normalForm>Third</normalForm>
<attributes itemClass="oracle.dbtools.crest.model.design.logical.Attribute">
<Attribute name="numero_reserva" id="3C3EF9F4-48E8-6BDA-611F-40FCBFD3C599">
<createdBy>figue</createdBy>
<createdTime>2026-01-13 13:00:19 UTC</createdTime>
<ownerDesignName>Formativa2Aerolinea</ownerDesignName>
<engineerTo>
<item key="3DA37674-74EE-DD81-F825-3A991275846B" value="true"/>
</engineerTo>
<useDomainConstraints>false</useDomainConstraints>
<use>1</use>
<logicalDatatype>LOGDT019</logicalDatatype>
<dataTypePrecision>10</dataTypePrecision>
<ownDataTypeParameters>,10,</ownDataTypeParameters>
</Attribute>
<Attribute name="fecha_reserva" id="C2F68D5A-AE5B-BE9B-F0E9-5450107122FB">
<createdBy>figue</createdBy>
<createdTime>2026-01-13 13:01:30 UTC</createdTime>
<ownerDesignName>Formativa2Aerolinea</ownerDesignName>
<engineerTo>
<item key="3DA37674-74EE-DD81-F825-3A991275846B" value="true"/>
</engineerTo>
<useDomainConstraints>false</useDomainConstraints>
<use>1</use>
<logicalDatatype>LOGDT007</logicalDatatype>
<ownDataTypeParameters>,,</ownDataTypeParameters>
</Attribute>
<Attribute name="fecha_viaje" id="FF7E6A2E-10A9-31FC-7D6D-1D6253E3CCB5">
<createdBy>figue</createdBy>
<createdTime>2026-01-13 13:02:11 UTC</createdTime>
<ownerDesignName>Formativa2Aerolinea</ownerDesignName>
<engineerTo>
<item key="3DA37674-74EE-DD81-F825-3A991275846B" value="true"/>
</engineerTo>
<useDomainConstraints>false</useDomainConstraints>
<use>1</use>
<logicalDatatype>LOGDT007</logicalDatatype>
<ownDataTypeParameters>,,</ownDataTypeParameters>
</Attribute>
<Attribute name="estado" id="68752008-1511-14B0-8CE9-409EB0B98949">
<createdBy>figue</createdBy>
<createdTime>2026-01-13 13:02:24 UTC</createdTime>
<ownerDesignName>Formativa2Aerolinea</ownerDesignName>
<engineerTo>
<item key="3DA37674-74EE-DD81-F825-3A991275846B" value="true"/>
</engineerTo>
<nullsAllowed>true</nullsAllowed>
<useDomainConstraints>false</useDomainConstraints>
<use>1</use>
<logicalDatatype>LOGDT024</logicalDatatype>
<dataTypeSize>10</dataTypeSize>
<ownDataTypeParameters>10,,</ownDataTypeParameters>
</Attribute>
<Attribute name="numero_vuelo" id="ACFEB955-3CD2-FEBD-653F-AB5CE4780B90">
<createdBy>figue</createdBy>
<createdTime>2026-01-13 13:46:07 UTC</createdTime>
<generatorID>573220BB-AD76-3BAA-24AB-28564E650BE0</generatorID>
<ownerDesignName>Formativa2Aerolinea</ownerDesignName>
<engineerTo>
<item key="3DA37674-74EE-DD81-F825-3A991275846B" value="true"/>
</engineerTo>
<referedAttribute>6F94A9B3-395B-5765-B770-DF33B0E60760</referedAttribute>
<useDomainConstraints>false</useDomainConstraints>
<use>1</use>
<logicalDatatype>LOGDT024</logicalDatatype>
<dataTypeSize>10 CHAR</dataTypeSize>
<ownDataTypeParameters>,,</ownDataTypeParameters>
</Attribute>
<Attribute name="id_pasajero" id="AF245B64-B594-18B9-ED1E-50637678EFCA">
<createdBy>figue</createdBy>
<createdTime>2026-01-13 13:48:32 UTC</createdTime>
<generatorID>87B03CB1-A4AA-C103-97D2-7AFB7A0FD166</generatorID>
<ownerDesignName>Formativa2Aerolinea</ownerDesignName>
<engineerTo>
<item key="3DA37674-74EE-DD81-F825-3A991275846B" value="true"/>
</engineerTo>
<referedAttribute>2FC39942-97CC-40C1-D981-DD36FE98D85D</referedAttribute>
<useDomainConstraints>false</useDomainConstraints>
<use>1</use>
<logicalDatatype>LOGDT024</logicalDatatype>
<dataTypeSize>20 CHAR</dataTypeSize>
<ownDataTypeParameters>,,</ownDataTypeParameters>
</Attribute>
<Attribute name="rut" id="0B2B16B7-EEC1-EC36-CD02-BD3B85EDCBE8">
<createdBy>figue</createdBy>
<createdTime>2026-01-16 03:09:52 UTC</createdTime>
<generatorID>E4A40AE0-45B1-12AF-0386-83404EF6D45F</generatorID>
<ownerDesignName>Formativa2Aerolinea</ownerDesignName>
<engineerTo>
<item key="3DA37674-74EE-DD81-F825-3A991275846B" value="true"/>
</engineerTo>
<referedAttribute>9AF70334-1F74-F928-831F-9FC6094F5197</referedAttribute>
<useDomainConstraints>false</useDomainConstraints>
<use>1</use>
<logicalDatatype>LOGDT024</logicalDatatype>
<dataTypeSize>12 CHAR</dataTypeSize>
<ownDataTypeParameters>,,</ownDataTypeParameters>
</Attribute>
</attributes>
<identifiers itemClass="oracle.dbtools.crest.model.design.logical.CandidateKey">
<identifier id="4C58909A-BAE1-87E8-214E-F77EF0B4DDDC" name="RESERVA PK">
<createdBy>figue</createdBy>
<createdTime>2026-01-13 13:01:28 UTC</createdTime>
<ownerDesignName>Formativa2Aerolinea</ownerDesignName>
<engineerTo>
<item key="3DA37674-74EE-DD81-F825-3A991275846B" value="true"/>
</engineerTo>
<pk>true</pk>
<usedAttributes>
<attributeRef>3C3EF9F4-48E8-6BDA-611F-40FCBFD3C599</attributeRef>
<attributeRef>ACFEB955-3CD2-FEBD-653F-AB5CE4780B90</attributeRef>
<attributeRef>AF245B64-B594-18B9-ED1E-50637678EFCA</attributeRef>
</usedAttributes>
</identifier>
</identifiers>
</Entity>