<?xml version = '1.0' encoding = 'UTF-8'?>
<Entity class="oracle.dbtools.crest.model.design.logical.Entity" directorySegmentName="seg_0" id="78B4BE30-DC3F-B93E-27F6-2E32BCAB313D" name="EMPLEADO">
<createdBy>figue</createdBy>
<createdTime>2026-01-13 13:06:52 UTC</createdTime>
<ownerDesignName>Formativa2Aerolinea</ownerDesignName>
<engineerTo>
<item key="3DA37674-74EE-DD81-F825-3A991275846B" value="true"/>
</engineerTo>
<adequatelyNormalized>NO</adequatelyNormalized>
<expectedVolumes>0</expectedVolumes>
<fwdEngineeringStrategyName>Single Table</fwdEngineeringStrategyName>
<growthPercent>0</growthPercent>
<growthType>Year</growthType>
<maxVolumes>9999999</maxVolumes>
<minVolumes>0</minVolumes>
<normalForm>Third</normalForm>
<attributes itemClass="oracle.dbtools.crest.model.design.logical.Attribute">
<Attribute name="rut" id="9AF70334-1F74-F928-831F-9FC6094F5197">
<createdBy>figue</createdBy>
<createdTime>2026-01-13 13:07:03 UTC</createdTime>
<ownerDesignName>Formativa2Aerolinea</ownerDesignName>
<engineerTo>
<item key="3DA37674-74EE-DD81-F825-3A991275846B" value="true"/>
</engineerTo>
<useDomainConstraints>false</useDomainConstraints>
<use>1</use>
<logicalDatatype>LOGDT024</logicalDatatype>
<dataTypeSize>12 CHAR</dataTypeSize>
<ownDataTypeParameters>12 CHAR,,</ownDataTypeParameters>
</Attribute>
<Attribute name="nombre_completo" id="1897E24F-E658-D8A5-2510-0C21040A77EB">
<createdBy>figue</createdBy>
<createdTime>2026-01-13 13:08:35 UTC</createdTime>
<ownerDesignName>Formativa2Aerolinea</ownerDesignName>
<engineerTo>
<item key="3DA37674-74EE-DD81-F825-3A991275846B" value="true"/>
</engineerTo>
<useDomainConstraints>false</useDomainConstraints>
<use>1</use>
<logicalDatatype>LOGDT024</logicalDatatype>
<dataTypeSize>100 CHAR</dataTypeSize>
<ownDataTypeParameters>100 CHAR,,</ownDataTypeParameters>
</Attribute>
<Attribute name="direccion" id="03EA3658-E91D-E5BD-2E19-0CAEA2663095">
<createdBy>figue</createdBy>
<createdTime>2026-01-13 13:11:21 UTC</createdTime>
<ownerDesignName>Formativa2Aerolinea</ownerDesignName>
<engineerTo>
<item key="3DA37674-74EE-DD81-F825-3A991275846B" value="true"/>
</engineerTo>
<useDomainConstraints>false</useDomainConstraints>
<use>1</use>
<logicalDatatype>LOGDT024</logicalDatatype>
<dataTypeSize>150 CHAR</dataTypeSize>
<ownDataTypeParameters>150 CHAR,,</ownDataTypeParameters>
</Attribute>
<Attribute name="sueldo_base" id="6FA5D78E-38C9-5E8C-6050-EC930F87F532">
<createdBy>figue</createdBy>
<createdTime>2026-01-13 13:11:51 UTC</createdTime>
<ownerDesignName>Formativa2Aerolinea</ownerDesignName>
<engineerTo>
<item key="3DA37674-74EE-DD81-F825-3A991275846B" value="true"/>
</engineerTo>
<useDomainConstraints>false</useDomainConstraints>
<use>1</use>
<logicalDatatype>LOGDT019</logicalDatatype>
<dataTypePrecision>10</dataTypePrecision>
<ownDataTypeParameters>,10,</ownDataTypeParameters>
</Attribute>
<Attribute name="fecha_ingreso" id="9CEFE3DC-1325-9611-37CB-EC391CEA64DE">
<createdBy>figue</createdBy>
<createdTime>2026-01-13 13:14:06 UTC</createdTime>
<ownerDesignName>Formativa2Aerolinea</ownerDesignName>
<engineerTo>
<item key="3DA37674-74EE-DD81-F825-3A991275846B" value="true"/>
</engineerTo>
<useDomainConstraints>false</useDomainConstraints>
<use>1</use>
<logicalDatatype>LOGDT007</logicalDatatype>
<ownDataTypeParameters>,,</ownDataTypeParameters>
</Attribute>
<Attribute name="genero" id="39546BD2-7F16-1D7F-ACB4-315439CC8897">
<createdBy>figue</createdBy>
<createdTime>2026-01-13 13:14:41 UTC</createdTime>
<ownerDesignName>Formativa2Aerolinea</ownerDesignName>
<engineerTo>
<item key="3DA37674-74EE-DD81-F825-3A991275846B" value="true"/>
</engineerTo>
<useDomainConstraints>false</useDomainConstraints>
<use>1</use>
<logicalDatatype>LOGDT025</logicalDatatype>
<dataTypeSize>1 CHAR</dataTypeSize>
<ownDataTypeParameters>1 CHAR,,</ownDataTypeParameters>
</Attribute>
<Attribute name="telefono_movil" id="7FA8552A-AAE8-248E-BC1F-21B9A9D5C697">
<createdBy>figue</createdBy>
<createdTime>2026-01-13 13:16:33 UTC</createdTime>
<ownerDesignName>Formativa2Aerolinea</ownerDesignName>
<engineerTo>
<item key="3DA37674-74EE-DD81-F825-3A991275846B" value="true"/>
</engineerTo>
<useDomainConstraints>false</useDomainConstraints>
<use>1</use>
<logicalDatatype>LOGDT024</logicalDatatype>
<dataTypeSize>20 CHAR</dataTypeSize>
<ownDataTypeParameters>20 CHAR,,</ownDataTypeParameters>
</Attribute>
<Attribute name="telefono_contacto" id="16E05BDC-D4A1-A92B-7B00-A93E05C32D4B">
<createdBy>figue</createdBy>
<createdTime>2026-01-13 13:17:04 UTC</createdTime>
<ownerDesignName>Formativa2Aerolinea</ownerDesignName>
<engineerTo>
<item key="3DA37674-74EE-DD81-F825-3A991275846B" value="true"/>
</engineerTo>
<nullsAllowed>true</nullsAllowed>
<useDomainConstraints>false</useDomainConstraints>
<use>1</use>
<logicalDatatype>LOGDT024</logicalDatatype>
<dataTypeSize>20 CHAR</dataTypeSize>
<ownDataTypeParameters>20 CHAR,,</ownDataTypeParameters>
</Attribute>
<Attribute name="nombre_afp" id="B2DA58EB-8590-F54A-0272-A51079A4C50F">
<createdBy>figue</createdBy>
<createdTime>2026-01-13 13:24:42 UTC</createdTime>
<ownerDesignName>Formativa2Aerolinea</ownerDesignName>
<engineerTo>
<item key="3DA37674-74EE-DD81-F825-3A991275846B" value="true"/>
</engineerTo>
<useDomainConstraints>false</useDomainConstraints>
<use>1</use>
<logicalDatatype>LOGDT024</logicalDatatype>
<dataTypeSize>50 CHAR</dataTypeSize>
<ownDataTypeParameters>50 CHAR,,</ownDataTypeParameters>
</Attribute>
</attributes>
<identifiers itemClass="oracle.dbtools.crest.model.design.logical.CandidateKey">
<identifier id="65D4B6FE-1D2E-D292-A219-7E817360C361" name="EMPLEADO PK">
<createdBy>figue</createdBy>
<createdTime>2026-01-13 13:08:27 UTC</createdTime>
<ownerDesignName>Formativa2Aerolinea</ownerDesignName>
<engineerTo>
<item key="3DA37674-74EE-DD81-F825-3A991275846B" value="true"/>
</engineerTo>
<pk>true</pk>
<usedAttributes>
<attributeRef>9AF70334-1F74-F928-831F-9FC6094F5197</attributeRef>
</usedAttributes>
</identifier>
</identifiers>
</Entity>