<?xml version = '1.0' encoding = 'UTF-8'?>
<Entity class="oracle.dbtools.crest.model.design.logical.Entity" directorySegmentName="seg_0" id="A54CFFB3-8818-0B0E-786F-5D90765100A4" name="VUELO">
<createdBy>figue</createdBy>
<createdTime>2026-01-13 12:45:42 UTC</createdTime>
<ownerDesignName>Formativa2Aerolinea</ownerDesignName>
<engineerTo>
<item key="3DA37674-74EE-DD81-F825-3A991275846B" value="true"/>
</engineerTo>
<adequatelyNormalized>NO</adequatelyNormalized>
<expectedVolumes>0</expectedVolumes>
<fwdEngineeringStrategyName>Single Table</fwdEngineeringStrategyName>
<growthPercent>0</growthPercent>
<growthType>Year</growthType>
<maxVolumes>9999999</maxVolumes>
<minVolumes>0</minVolumes>
<normalForm>Third</normalForm>
<attributes itemClass="oracle.dbtools.crest.model.design.logical.Attribute">
<Attribute name="numero_vuelo" id="6F94A9B3-395B-5765-B770-DF33B0E60760">
<createdBy>figue</createdBy>
<createdTime>2026-01-13 12:46:01 UTC</createdTime>
<ownerDesignName>Formativa2Aerolinea</ownerDesignName>
<engineerTo>
<item key="3DA37674-74EE-DD81-F825-3A991275846B" value="true"/>
</engineerTo>
<useDomainConstraints>false</useDomainConstraints>
<use>1</use>
<logicalDatatype>LOGDT024</logicalDatatype>
<dataTypeSize>10 CHAR</dataTypeSize>
<ownDataTypeParameters>10 CHAR,,</ownDataTypeParameters>
</Attribute>
<Attribute name="fecha_despegue" id="85FC1597-4158-4766-E20C-5F78FD33A58D">
<createdBy>figue</createdBy>
<createdTime>2026-01-13 12:47:25 UTC</createdTime>
<ownerDesignName>Formativa2Aerolinea</ownerDesignName>
<engineerTo>
<item key="3DA37674-74EE-DD81-F825-3A991275846B" value="true"/>
</engineerTo>
<useDomainConstraints>false</useDomainConstraints>
<use>1</use>
<logicalDatatype>LOGDT007</logicalDatatype>
<ownDataTypeParameters>,,</ownDataTypeParameters>
</Attribute>
<Attribute name="hora_salida" id="25F49D52-8575-FCB9-5812-9D07E64A1B46">
<createdBy>figue</createdBy>
<createdTime>2026-01-13 12:48:47 UTC</createdTime>
<ownerDesignName>Formativa2Aerolinea</ownerDesignName>
<engineerTo>
<item key="3DA37674-74EE-DD81-F825-3A991275846B" value="true"/>
</engineerTo>
<useDomainConstraints>false</useDomainConstraints>
<use>1</use>
<logicalDatatype>LOGDT014</logicalDatatype>
<ownDataTypeParameters>,,</ownDataTypeParameters>
</Attribute>
<Attribute name="ciudad_origen" id="A35BF47C-D792-5B66-E065-B8CE03677357">
<createdBy>figue</createdBy>
<createdTime>2026-01-13 12:49:44 UTC</createdTime>
<ownerDesignName>Formativa2Aerolinea</ownerDesignName>
<engineerTo>
<item key="3DA37674-74EE-DD81-F825-3A991275846B" value="true"/>
</engineerTo>
<useDomainConstraints>false</useDomainConstraints>
<use>1</use>
<logicalDatatype>LOGDT024</logicalDatatype>
<dataTypeSize>50 CHAR</dataTypeSize>
<ownDataTypeParameters>50 CHAR,,</ownDataTypeParameters>
</Attribute>
<Attribute name="ciudad_destino" id="502FDFD0-38AC-23F1-0F8B-71D79C34DE35">
<createdBy>figue</createdBy>
<createdTime>2026-01-13 12:55:40 UTC</createdTime>
<ownerDesignName>Formativa2Aerolinea</ownerDesignName>
<engineerTo>
<item key="3DA37674-74EE-DD81-F825-3A991275846B" value="true"/>
</engineerTo>
<useDomainConstraints>false</useDomainConstraints>
<use>1</use>
<logicalDatatype>LOGDT024</logicalDatatype>
<dataTypeSize>50 CHAR</dataTypeSize>
<ownDataTypeParameters>50 CHAR,,</ownDataTypeParameters>
</Attribute>
<Attribute name="fecha_llegada" id="840F4714-FD49-E346-D078-F0BEBB96A783">
<createdBy>figue</createdBy>
<createdTime>2026-01-13 13:26:54 UTC</createdTime>
<ownerDesignName>Formativa2Aerolinea</ownerDesignName>
<engineerTo>
<item key="3DA37674-74EE-DD81-F825-3A991275846B" value="true"/>
</engineerTo>
<useDomainConstraints>false</useDomainConstraints>
<use>1</use>
<logicalDatatype>LOGDT007</logicalDatatype>
<ownDataTypeParameters>,,</ownDataTypeParameters>
</Attribute>
<Attribute name="matricula" id="1852331C-19B9-57B9-115A-BFF87D49DF66">
<createdBy>figue</createdBy>
<createdTime>2026-01-13 13:53:07 UTC</createdTime>
<generatorID>A05B8F62-0B39-BDAA-1AF8-2A03C6AA32C3</generatorID>
<ownerDesignName>Formativa2Aerolinea</ownerDesignName>
<engineerTo>
<item key="3DA37674-74EE-DD81-F825-3A991275846B" value="true"/>
</engineerTo>
<referedAttribute>17C1BF5B-B26F-579C-0557-01DA1AF13222</referedAttribute>
<useDomainConstraints>false</useDomainConstraints>
<use>1</use>
<logicalDatatype>LOGDT019</logicalDatatype>
<dataTypePrecision>10</dataTypePrecision>
<ownDataTypeParameters>,10,</ownDataTypeParameters>
</Attribute>
<Attribute name="rut" id="1DAD3FF3-DE70-691F-1F27-7C5A263517A4">
<createdBy>figue</createdBy>
<createdTime>2026-01-16 03:05:22 UTC</createdTime>
<generatorID>E74AD7FD-6A6E-4DC2-F27B-E5F4E8A9D5BA</generatorID>
<ownerDesignName>Formativa2Aerolinea</ownerDesignName>
<engineerTo>
<item key="3DA37674-74EE-DD81-F825-3A991275846B" value="true"/>
</engineerTo>
<referedAttribute>9AF70334-1F74-F928-831F-9FC6094F5197</referedAttribute>
<useDomainConstraints>false</useDomainConstraints>
<use>1</use>
<logicalDatatype>LOGDT024</logicalDatatype>
<dataTypeSize>12 CHAR</dataTypeSize>
<ownDataTypeParameters>12 CHAR,,</ownDataTypeParameters>
</Attribute>
</attributes>
<identifiers itemClass="oracle.dbtools.crest.model.design.logical.CandidateKey">
<identifier id="51974565-9009-DD4F-9DE5-D52C184A08FE" name="VUELO PK">
<createdBy>figue</createdBy>
<createdTime>2026-01-13 12:47:17 UTC</createdTime>
<ownerDesignName>Formativa2Aerolinea</ownerDesignName>
<engineerTo>
<item key="3DA37674-74EE-DD81-F825-3A991275846B" value="true"/>
</engineerTo>
<pk>true</pk>
<usedAttributes>
<attributeRef>6F94A9B3-395B-5765-B770-DF33B0E60760</attributeRef>
</usedAttributes>
</identifier>
</identifiers>
</Entity>