<?xml version = '1.0' encoding = 'UTF-8'?>
<Entity class="oracle.dbtools.crest.model.design.logical.Entity" directorySegmentName="seg_0" id="B431B17B-F471-6A60-DAEA-7B2EB0E7DCC2" name="EQUIPAJE">
<createdBy>figue</createdBy>
<createdTime>2026-01-13 13:33:20 UTC</createdTime>
<ownerDesignName>Formativa2Aerolinea</ownerDesignName>
<engineerTo>
<item key="3DA37674-74EE-DD81-F825-3A991275846B" value="true"/>
</engineerTo>
<adequatelyNormalized>NO</adequatelyNormalized>
<expectedVolumes>0</expectedVolumes>
<fwdEngineeringStrategyName>Single Table</fwdEngineeringStrategyName>
<growthPercent>0</growthPercent>
<growthType>Year</growthType>
<maxVolumes>9999999</maxVolumes>
<minVolumes>0</minVolumes>
<normalForm>Third</normalForm>
<attributes itemClass="oracle.dbtools.crest.model.design.logical.Attribute">
<Attribute name="codigo_equipaje" id="8F25034E-BB59-6383-4534-C33EE0804F13">
<createdBy>figue</createdBy>
<createdTime>2026-01-13 13:33:34 UTC</createdTime>
<ownerDesignName>Formativa2Aerolinea</ownerDesignName>
<engineerTo>
<item key="3DA37674-74EE-DD81-F825-3A991275846B" value="true"/>
</engineerTo>
<useDomainConstraints>false</useDomainConstraints>
<use>1</use>
<logicalDatatype>LOGDT024</logicalDatatype>
<dataTypeSize>15 CHAR</dataTypeSize>
<ownDataTypeParameters>15 CHAR,,</ownDataTypeParameters>
</Attribute>
<Attribute name="color_maleta" id="841F649D-DB87-5973-2C07-B54C5605A646">
<createdBy>figue</createdBy>
<createdTime>2026-01-13 13:35:24 UTC</createdTime>
<ownerDesignName>Formativa2Aerolinea</ownerDesignName>
<engineerTo>
<item key="3DA37674-74EE-DD81-F825-3A991275846B" value="true"/>
</engineerTo>
<useDomainConstraints>false</useDomainConstraints>
<use>1</use>
<logicalDatatype>LOGDT024</logicalDatatype>
<dataTypeSize>30 CHAR</dataTypeSize>
<ownDataTypeParameters>30 CHAR,,</ownDataTypeParameters>
</Attribute>
<Attribute name="peso_maleta_kg" id="6918CD93-E720-11DB-3D59-ABA9B2FE557D">
<createdBy>figue</createdBy>
<createdTime>2026-01-13 13:36:19 UTC</createdTime>
<ownerDesignName>Formativa2Aerolinea</ownerDesignName>
<engineerTo>
<item key="3DA37674-74EE-DD81-F825-3A991275846B" value="true"/>
</engineerTo>
<useDomainConstraints>false</useDomainConstraints>
<use>1</use>
<logicalDatatype>LOGDT019</logicalDatatype>
<dataTypePrecision>4</dataTypePrecision>
<dataTypeScale>2</dataTypeScale>
<ownDataTypeParameters>,4,2</ownDataTypeParameters>
</Attribute>
<Attribute name="descripcion_maleta" id="DFAD2803-2587-7D3A-59BC-BFE883BC21F0">
<createdBy>figue</createdBy>
<createdTime>2026-01-13 13:37:40 UTC</createdTime>
<ownerDesignName>Formativa2Aerolinea</ownerDesignName>
<engineerTo>
<item key="3DA37674-74EE-DD81-F825-3A991275846B" value="true"/>
</engineerTo>
<nullsAllowed>true</nullsAllowed>
<useDomainConstraints>false</useDomainConstraints>
<use>1</use>
<logicalDatatype>LOGDT024</logicalDatatype>
<dataTypeSize>250 CHAR</dataTypeSize>
<ownDataTypeParameters>250 CHAR,,</ownDataTypeParameters>
</Attribute>
<Attribute name="id_pasajero" id="1F24BA33-1D8F-2A15-3302-8C4D3DC6F15B">
<createdBy>figue</createdBy>
<createdTime>2026-01-13 13:40:59 UTC</createdTime>
<generatorID>400AB814-35F7-C0D6-A968-70128EA6F4FF</generatorID>
<ownerDesignName>Formativa2Aerolinea</ownerDesignName>
<engineerTo>
<item key="3DA37674-74EE-DD81-F825-3A991275846B" value="true"/>
</engineerTo>
<referedAttribute>2FC39942-97CC-40C1-D981-DD36FE98D85D</referedAttribute>
<useDomainConstraints>false</useDomainConstraints>
<use>1</use>
<logicalDatatype>LOGDT024</logicalDatatype>
<dataTypeSize>20 CHAR</dataTypeSize>
<ownDataTypeParameters>20 CHAR,,</ownDataTypeParameters>
</Attribute>
</attributes>
<identifiers itemClass="oracle.dbtools.crest.model.design.logical.CandidateKey">
<identifier id="1057EA7E-1E55-9F51-71A0-7DBC3505918E" name="EQUIPAJE PK">
<createdBy>figue</createdBy>
<createdTime>2026-01-13 13:35:23 UTC</createdTime>
<ownerDesignName>Formativa2Aerolinea</ownerDesignName>
<engineerTo>
<item key="3DA37674-74EE-DD81-F825-3A991275846B" value="true"/>
</engineerTo>
<pk>true</pk>
<usedAttributes>
<attributeRef>8F25034E-BB59-6383-4534-C33EE0804F13</attributeRef>
<attributeRef>1F24BA33-1D8F-2A15-3302-8C4D3DC6F15B</attributeRef>
</usedAttributes>
</identifier>
</identifiers>
</Entity>