<?xml version = '1.0' encoding = 'UTF-8'?>
<Relation class="oracle.dbtools.crest.model.design.logical.Relation" name="PASAJERO_EQUIPAJE" directorySegmentName="seg_0" id="400AB814-35F7-C0D6-A968-70128EA6F4FF">
<createdBy>figue</createdBy>
<createdTime>2026-01-13 13:40:59 UTC</createdTime>
<ownerDesignName>Formativa2Aerolinea</ownerDesignName>
<engineerTo>
<item key="3DA37674-74EE-DD81-F825-3A991275846B" value="true"/>
</engineerTo>
<sourcePk>F067C7CC-E97F-F6C9-B798-C8AA82CF4CD7</sourcePk>
<identifying>true</identifying>
<nameOnSource>registra</nameOnSource>
<nameOnTarget>pertenece</nameOnTarget>
<optionalSource>true</optionalSource>
<optionalTarget>false</optionalTarget>
<sourceCardinality>1</sourceCardinality>
<sourceEntity>4A1FD200-345D-8F88-9848-7145002232F0</sourceEntity>
<targetCardinalityString>*</targetCardinalityString>
<targetEntity>B431B17B-F471-6A60-DAEA-7B2EB0E7DCC2</targetEntity>
<transferable>true</transferable>
<deleteRule>NO ACTION</deleteRule>
</Relation>