<?xml version = '1.0' encoding = 'UTF-8'?>
<Relation class="oracle.dbtools.crest.model.design.logical.Relation" name="Relation_2" directorySegmentName="seg_0" id="573220BB-AD76-3BAA-24AB-28564E650BE0">
<createdBy>figue</createdBy>
<createdTime>2026-01-13 13:46:07 UTC</createdTime>
<ownerDesignName>Formativa2Aerolinea</ownerDesignName>
<engineerTo>
<item key="3DA37674-74EE-DD81-F825-3A991275846B" value="true"/>
</engineerTo>
<sourcePk>51974565-9009-DD4F-9DE5-D52C184A08FE</sourcePk>
<identifying>false</identifying>
<nameOnSource>registra</nameOnSource>
<nameOnTarget>corresponde</nameOnTarget>
<optionalSource>true</optionalSource>
<optionalTarget>false</optionalTarget>
<sourceCardinality>1</sourceCardinality>
<sourceEntity>A54CFFB3-8818-0B0E-786F-5D90765100A4</sourceEntity>
<targetCardinalityString>*</targetCardinalityString>
<targetEntity>2B5E6461-BE4A-771D-7669-8656FED42331</targetEntity>
<transferable>true</transferable>
<deleteRule>NO ACTION</deleteRule>
</Relation>