<?xml version = '1.0' encoding = 'UTF-8'?>
<Relation class="oracle.dbtools.crest.model.design.logical.Relation" name="Relation_3" directorySegmentName="seg_0" id="87B03CB1-A4AA-C103-97D2-7AFB7A0FD166">
<createdBy>figue</createdBy>
<createdTime>2026-01-13 13:48:01 UTC</createdTime>
<ownerDesignName>Formativa2Aerolinea</ownerDesignName>
<engineerTo>
<item key="3DA37674-74EE-DD81-F825-3A991275846B" value="true"/>
</engineerTo>
<sourcePk>4C58909A-BAE1-87E8-214E-F77EF0B4DDDC</sourcePk>
<targetPk>F067C7CC-E97F-F6C9-B798-C8AA82CF4CD7</targetPk>
<identifying>true</identifying>
<nameOnSource>corresponde</nameOnSource>
<nameOnTarget>realiza</nameOnTarget>
<optionalSource>false</optionalSource>
<optionalTarget>true</optionalTarget>
<sourceCardinality>*</sourceCardinality>
<sourceEntity>2B5E6461-BE4A-771D-7669-8656FED42331</sourceEntity>
<targetCardinalityString>1</targetCardinalityString>
<targetEntity>4A1FD200-345D-8F88-9848-7145002232F0</targetEntity>
<transferable>true</transferable>
<deleteRule>NO ACTION</deleteRule>
</Relation>