<?xml version = '1.0' encoding = 'UTF-8'?>
<Relation class="oracle.dbtools.crest.model.design.logical.Relation" name="Relation_4" directorySegmentName="seg_0" id="A05B8F62-0B39-BDAA-1AF8-2A03C6AA32C3">
<createdBy>figue</createdBy>
<createdTime>2026-01-13 13:53:07 UTC</createdTime>
<ownerDesignName>Formativa2Aerolinea</ownerDesignName>
<engineerTo>
<item key="3DA37674-74EE-DD81-F825-3A991275846B" value="true"/>
</engineerTo>
<sourcePk>77AC5430-32C6-6DCC-0FC1-B8266ECB4488</sourcePk>
<identifying>false</identifying>
<nameOnSource>realiza</nameOnSource>
<nameOnTarget>utiliza</nameOnTarget>
<optionalSource>true</optionalSource>
<optionalTarget>false</optionalTarget>
<sourceCardinality>1</sourceCardinality>
<sourceEntity>6FE043E0-8745-DB4D-254A-D54B4243FF8C</sourceEntity>
<targetCardinalityString>*</targetCardinalityString>
<targetEntity>A54CFFB3-8818-0B0E-786F-5D90765100A4</targetEntity>
<transferable>true</transferable>
<deleteRule>NO ACTION</deleteRule>
</Relation>