<?xml version = '1.0' encoding = 'UTF-8'?>
<Relation class="oracle.dbtools.crest.model.design.logical.Relation" name="Relation_12" directorySegmentName="seg_0" id="E4A40AE0-45B1-12AF-0386-83404EF6D45F">
<createdBy>figue</createdBy>
<createdTime>2026-01-16 03:09:52 UTC</createdTime>
<ownerDesignName>Formativa2Aerolinea</ownerDesignName>
<engineerTo>
<item key="3DA37674-74EE-DD81-F825-3A991275846B" value="true"/>
</engineerTo>
<sourcePk>65D4B6FE-1D2E-D292-A219-7E817360C361</sourcePk>
<identifying>false</identifying>
<nameOnSource>gestiona</nameOnSource>
<nameOnTarget>asociada</nameOnTarget>
<optionalSource>true</optionalSource>
<optionalTarget>false</optionalTarget>
<sourceCardinality>1</sourceCardinality>
<sourceEntity>20B3D190-5EC9-0537-C31F-9336668FA4CE</sourceEntity>
<targetCardinalityString>*</targetCardinalityString>
<targetEntity>2B5E6461-BE4A-771D-7669-8656FED42331</targetEntity>
<transferable>true</transferable>
<deleteRule>NO ACTION</deleteRule>
</Relation>