<?xml version = '1.0' encoding = 'UTF-8'?>
<Relation class="oracle.dbtools.crest.model.design.logical.Relation" name="Relation_11" directorySegmentName="seg_0" id="E74AD7FD-6A6E-4DC2-F27B-E5F4E8A9D5BA">
<createdBy>figue</createdBy>
<createdTime>2026-01-16 03:05:22 UTC</createdTime>
<ownerDesignName>Formativa2Aerolinea</ownerDesignName>
<engineerTo>
<item key="3DA37674-74EE-DD81-F825-3A991275846B" value="true"/>
</engineerTo>
<sourcePk>65D4B6FE-1D2E-D292-A219-7E817360C361</sourcePk>
<identifying>false</identifying>
<nameOnSource>comanda</nameOnSource>
<nameOnTarget>comandado</nameOnTarget>
<optionalSource>true</optionalSource>
<optionalTarget>false</optionalTarget>
<sourceCardinality>1</sourceCardinality>
<sourceEntity>F7011587-5A1D-C430-0B83-660EF48CD6C2</sourceEntity>
<targetCardinalityString>*</targetCardinalityString>
<targetEntity>A54CFFB3-8818-0B0E-786F-5D90765100A4</targetEntity>
<transferable>true</transferable>
<deleteRule>NO ACTION</deleteRule>
</Relation>