<?xml version = '1.0' encoding = 'UTF-8'?>
<relationalModel class="oracle.dbtools.crest.model.design.relational.RelationalDesign" name="Relational_1" id="3DA37674-74EE-DD81-F825-3A991275846B" mainViewID="2C90F163-AB4D-1EC2-91E6-65B29676C609">
<createdBy>figue</createdBy>
<createdTime>2026-01-13 12:42:16 UTC</createdTime>
<ownerDesignName>Formativa2Aerolinea</ownerDesignName>
<shouldBeOpen>false</shouldBeOpen>
<selectedRDBMSSite>32076570-2523-435C-2E92-BF29817DFF70</selectedRDBMSSite>
</relationalModel>